SKU HALEON;CADENA;SUBCADENA;SKU HOLDING;DESCRIPCIÓN CADENA;PRECIO NORMAL;PRECIO OFERTA;DESCUENTO;TIPO
F000018138;FASA;Ahumada;44556;Centrum Silver Fco. 30 Comp. Rec.; $15.099 ;;;Farmacia / Perfumería
F000018135;FASA;Ahumada;44557;Centrum Tabl.Recubie X 30; $12.599 ;;;Farmacia / Perfumería
F000018139;FASA;Ahumada;45332;Centrum Silver Fco. 60 Comp. Rec.; $29.159 ;;;Farmacia / Perfumería
F000018136;FASA;Ahumada;45353;Centrum Formula Global Fco. 60 Comp. Rec; $21.089 ;;;Farmacia / Perfumería
670003;FASA;Ahumada;62539;Sensodyne Blanqueador Extra Fresh Crema Dental de uso diario para dientes sensibles, 90g; $7.019 ;;;Farmacia / Perfumería
60000000130001;FASA;Ahumada;72820;Pasta Dental Sensodyne Repara & Protege 100 g; $8.399 ; $6.590 ;;Farmacia / Perfumería
60000000104527;FASA;Ahumada;75270;Pasta Dental Sensodyne Repara y Protege Blanqueador 100gr; $8.399 ; $6.590 ;;Farmacia / Perfumería
60000000026151;FASA;Ahumada;79179;Aquafresh Cepillo Dental Little Teeth x 1 Unidad; $4.559 ; $3.191 ;;Farmacia / Perfumería
F000048198;FASA;Ahumada;81099;Multivitamico Centrum Hombre 60 Comprimidos Recubiertos; $28.999 ;;;Farmacia / Perfumería
F000048196;FASA;Ahumada;81110;Multivitamico Centrum Hombre 30 Comprimidos Recubiertos; $16.499 ; $8.250 ;;Farmacia / Perfumería
F000048199;FASA;Ahumada;81111;Multivitamínico Centrum Mujer 30 Comprimidos – Multimineral para mujeres adultas; $16.599 ; $8.300 ;;Farmacia / Perfumería
F000048200;FASA;Ahumada;81112;Multivitamínico Centrum Mujer 60 Comprimidos; $28.799 ;;;Farmacia / Perfumería
60000000109056;FASA;Ahumada;83799;Pack Cepillo Dental Sensodyne Cepillo Protección Completa x2 un; $8.399 ; $7.139 ;;Farmacia / Perfumería
60000000108950;FASA;Ahumada;83810;Pack Cepillo Dental Sensodyne Cepillo Repara y Protege x2 un; $8.399 ;;;Farmacia / Perfumería
F000032203;FASA;Ahumada;84846;Multivitamínico Centrum Hombre Silver 60 Comprimidos; $29.099 ;;;Farmacia / Perfumería
F000032205;FASA;Ahumada;84847;Multivitamínico Centrum Mujer Silver 60 Comprimidos; $25.499 ;;;Farmacia / Perfumería
60000000119954;FASA;Ahumada;86569;Sensodyne Rápido Alivio Blanqueador Crema Dental para Dientes Sensibles, 100g; $9.029 ;;;Farmacia / Perfumería
60000000122043;FASA;Ahumada;88710;Sensodyne Cepillo Dental Sensibilidad Y Encias Suave x 1 Unidad; $6.919 ;;;Farmacia / Perfumería
60000000123608;FASA;Ahumada;88707;Pasta Dental Aquafresh Sabor Menta 158 g 2 un; $4.599 ;;;Farmacia / Perfumería
60000000205015;FASA;Ahumada;95370;Pasta Dental Aquafresh Active White 160 g; $2.799 ;;;Farmacia / Perfumería
60000000106510;FASA;Ahumada;79187;Pasta Dental Aquafresh Infantil Big Teeth 110 g; $4.069 ; $3.662 ;;Farmacia / Perfumería
60000000117498;FASA;Ahumada;85538;Pasta Dental Aquafresh Infantil Advance 9-12 años 94 g; $4.069 ; $3.590 ;;Farmacia / Perfumería
60000000136282;FASA;Ahumada;91057;Centrum Mini 30 comprimidos; $13.399 ; $11.389 ;;Farmacia / Perfumería
700362040;FASA;Ahumada;81956;Adhesivo Corega Ultra Protesis Dentales Menta 20 g; $9.339 ;;;Farmacia / Perfumería
700362043;FASA;Ahumada;70547;Adhesivo Corega Ultra Protesis Dentales 20 g; $9.439 ;;;Farmacia / Perfumería
700362092;FASA;Ahumada;89537;Adhesivo Corega Ultra Protesis Dentales Maximo Sellado 40 g; $14.369 ;;;Farmacia / Perfumería
700362091;FASA;Ahumada;89536;Adhesivo Corega Ultra Protesis Dentales Maximo Sellado 70 g; $21.399 ; $19.390 ;;Farmacia / Perfumería
700362044;FASA;Ahumada;81085;Adhesivo Corega Ultra Protesis Dentales 70 g; $16.099 ;;;Farmacia / Perfumería
700362078;FASA;Ahumada;85412;Adhesivo Corega Ultra Protesis Dentales Menta 70 g; $19.899 ;;;Farmacia / Perfumería
700362041;FASA;Ahumada;8317;Adhesivo Corega Ultra Protesis Dentales Menta 40 g; $12.989 ;;;Farmacia / Perfumería
700362045;FASA;Ahumada;46105;Adhesivo Corega Ultra Protesis Dentales 40 g; $12.989 ; $11.199 ;;Farmacia / Perfumería
60000000135482;FASA;Ahumada;92041;Adhesivo Corega Ultra Protesis Dentales Max Fijación Frescura 70 g; $21.099 ;;;Farmacia / Perfumería
60000000202565;FASA;Ahumada;92547;Adhesivo Corega Ultra Protesis Dentales Max Fijación Comodidad 70 g; $21.599 ;;;Farmacia / Perfumería
60000000202579;FASA;Ahumada;92708;Adhesivo Corega Ultra Protesis Dentales Max Fijación Comodidad 40 g; $14.369 ;;;Farmacia / Perfumería
60000000135515;FASA;Ahumada;92040;Adhesivo Corega Ultra Protesis Dentales Max Fijación Frescura 40 g; $14.469 ;;;Farmacia / Perfumería
60000000127633;FASA;Ahumada;91396;Tabletas Corega Limpiadoras de Protesis Dentales Pro Ortodoncia 30 un; $8.299 ;;;Farmacia / Perfumería
60000000119600;FASA;Ahumada;79389;Tabletas Corega Limpiadoras de Protesis Dentales Efervescente 30 un; $9.239 ;;;Farmacia / Perfumería
LA66138;FASA;Ahumada;87757;Tabletas Corega Blanqueadoras de Protesis Dentales Efervescente 30 un; $10.039 ;;;Farmacia / Perfumería
676590;FASA;Ahumada;8304;Adhesivo Corega Ultra Protesis Dentales en Polvo 50 g; $12.599 ;;;Farmacia / Perfumería
700521016;FASA;Ahumada;8533;Eno x 100 g Sal De Fruta Efervescente; $3.529 ; $2.647 ;;Farmacia / Perfumería
700521019;FASA;Ahumada;8598;Sal de Fruta Eno Limon  x 100 g Polvo Efervescente; $3.829 ; $2.872 ;;Farmacia / Perfumería
700521057;FASA;Ahumada;76602;Sal de Fruta Eno x 5 g Polvo Efervescente; $499 ; $489 ;;Farmacia / Perfumería
700521058;FASA;Ahumada;76601;Sal de Fruta Eno Limon x 5 g Polvo Efervescente; $499 ; $489 ;;Farmacia / Perfumería
700661129;FASA;Ahumada;61048;Desodorante Etiquet Crema Men Full Protect 60g; $5.499 ; $4.790 ;;Farmacia / Perfumería
700661143;FASA;Ahumada;5337;Etiquet Desodorante Crema Clasico Mujer x 60 g; $5.799 ; $4.790 ;;Farmacia / Perfumería
700661141;FASA;Ahumada;5389;Etiquet Desodorante Crema Woman Clasico x 100 g; $9.179 ;;;Farmacia / Perfumería
700661261;FASA;Ahumada;95355;Desodorante Etiquet Roll-On Men Blue Ice 60 g; $2.899 ;;;Farmacia / Perfumería
60000000041127;FASA;Ahumada;82794002;Etiquet Pack Antitranspirante Woman Roll-On Clasicc 60 g x 1 Pack; $7.669 ;;;Farmacia / Perfumería
60000000107493;FASA;Ahumada;82794001;Etiquet Pack Antitranspirante Woman Roll - On Floral 60 g x 1 Pack; $7.669 ;;;Farmacia / Perfumería
60000000125482;FASA;Ahumada;89766;Panadol Advance 500mg x 48 Comprimidos; $1.099 ;;;Farmacia / Perfumería
60000000125483;FASA;Ahumada;89765;Panadol Advance 500mg x 12 Comprimidos; $3.159 ; $2.685 ;;Farmacia / Perfumería
200641069;FASA;Ahumada;88058;Panadol 80 mg x 20 Comprimidos Masticables; $4.409 ; $3.748 ;;Farmacia / Perfumería
60000000126226;FASA;Ahumada;90335;Panadol Niños 160mg/5ml Jarabe 90ml; $12.099 ; $9.074 ;;Farmacia / Perfumería
60000000126228;FASA;Ahumada;90333;Panadol Niños 100mg/Ml Gotas 15ml; $4.409 ; $3.527 ;;Farmacia / Perfumería
60000000129474;FASA;Ahumada;90618;Sensodyne Cepillo Repara & Protege Suave, 1x3; $9.189 ;;;Farmacia / Perfumería
60000000129476;FASA;Ahumada;90619;Cepillo de Dientes Sensodyne Cepillo Protección Completa Suave x3 un; $9.189 ;;;Farmacia / Perfumería
60000000109051;FASA;Ahumada;83796;Cepillo de Dientes Sensodyne Sensitive Care 2 un; $8.019 ; $6.690 ;;Farmacia / Perfumería
60000000202429;FASA;Ahumada;92220;Cepillo Dental Sensodyne Sensibilidad y Esmalte; $5.199 ; $2.990 ;;Farmacia / Perfumería
60000000109125;FASA;Ahumada;92221;Pasta Dental Sensodyne Junior 100 Gr; $4.249 ; $3.790 ;;Farmacia / Perfumería
60000000135996;FASA;Ahumada;91670;Pasta Dental Sensodyne Protección Completa Blanqueador 90gr; $6.449 ; $5.190 ;;Farmacia / Perfumería
60000000206281;FASA;Ahumada;93492;Pasta Dental Sensodyne Protección Completa + Antisarro 90gr; $6.359 ; $5.190 ;;Farmacia / Perfumería
60000000138198;FASA;Ahumada;90927;Pasta Dental Sensodyne Repara &Protege Whitening 100 g 2 un; $12.849 ;;;Farmacia / Perfumería
60000000200793;FASA;Ahumada;92189;Pasta Dental Sensodyne Sensibilidad y Esmalte 100 Gr; $7.739 ;;;Farmacia / Perfumería
60000000200796;FASA;Ahumada;92267;Pasta Dental Sensodyne Sensibilidad y Esmalte Blanqueador 100gr; $7.739 ;;;Farmacia / Perfumería
60000000129041;FASA;Ahumada;69849;Sensodyne Rápido Alivio Crema Dental para Dientes Sensibles, 100g; $8.929 ;;;Farmacia / Perfumería
60000000207070;FASA;Ahumada;93493;Pasta Dental Sensodyne Protección Completa Blanqueador 140gr; $8.839 ;;;Farmacia / Perfumería
60000000207024;FASA;Ahumada;93491;Pasta Dental Sensodyne Blanqueador Extra Fresh 140 g; $8.839 ;;;Farmacia / Perfumería
60000000206516;FASA;Ahumada;93442;Anacin Max 8 Comprimidos Recubiertos; $2.509 ; $1.882 ;;Farmacia / Perfumería
60000000206509;FASA;Ahumada;93443;Anacin Max X 32 Comprimidos Recubiertos; $7.099 ; $5.324 ;;Farmacia / Perfumería
60000000206515;FASA;Ahumada;93444;Anacin Clásico X 8 Comprimidos Recubiertos; $2.019 ; $1.514 ;;Farmacia / Perfumería
60000000206499;FASA;Ahumada;93445;Anacin Clásico X 32 Comprimidos Recubiertos; $6.049 ; $4.537 ;;Farmacia / Perfumería
60000000208753;FASA;Ahumada;93494;Pasta Dental Aquafresh White & Shine 75g 3 un; $4.699 ; $4.290 ;;Farmacia / Perfumería
700521058;FASA;Ahumada;95407;Eno Antiácido Limón 2 Sobres 5 g; $499 ;;;Farmacia / Perfumería
700521057;FASA;Ahumada;95307;Eno Antiácido Regular 2 Sobres 5 g; $509 ;;;Farmacia / Perfumería
60000000209436;FASA;Ahumada;94381;Centrum Silver Mujer x30 comprimidos; $18.899 ; $14.174 ;;Farmacia / Perfumería
60000000209443;FASA;Ahumada;94383;Centrum Silver Hombre x30 comprimidos; $18.899 ; $14.174 ;;Farmacia / Perfumería
94332;FASA;Ahumada;94332;Tabletas Eno Tums 500 mg 4 un; $1.795 ; $1.346 ;;Farmacia / Perfumería
#N/D;FASA;Ahumada;92531;Pasta Dental Elmex Sensitive Whitening 110 g; $7.899 ;;;Farmacia / Perfumería
60000000026151;Cruz Verde;Cruz Verde;272434;Little Teeth Cepillo Dental 1 Unidad; $4.590 ; $2.990 ;;Farmacia / Perfumería
60000000117514;Cruz Verde;Cruz Verde;293471;Advance 9 a 12 Suave Cepillo Dental; $4.090 ; $2.990 ;;Farmacia / Perfumería
60000000107981;Cruz Verde;Cruz Verde;288488;White Y Shine Pasta Dental de 100 gr.; $1.490 ;;;Farmacia / Perfumería
60000000117676;Cruz Verde;Cruz Verde;297262;Crema Dental Advanced Triple Protección con Flúor 158 grs; $2.790 ;;;Farmacia / Perfumería
60000000123608;Cruz Verde;Cruz Verde;273004;Soft Mint Pasta Dental 2X; $4.590 ;;;Farmacia / Perfumería
60000000111697;Cruz Verde;Cruz Verde;272631;Pasta Dental Extreme Clean de 317 gr Pack 2 Unidades; $7.490 ;;;Farmacia / Perfumería
60000000106510;Cruz Verde;Cruz Verde;272432;Pasta Dental Big Teeth de 110.5 grs; $3.990 ; $2.990 ;;Farmacia / Perfumería
60000000117498;Cruz Verde;Cruz Verde;293470;Advance 9 a 12 Pasta Dental de 75 mL; $3.990 ; $2.990 ;;Farmacia / Perfumería
60000000124612;Cruz Verde;Cruz Verde;272084;Pasta Dental Proteccion con Fluor 63 gr; $3.990 ; $2.990 ;;Farmacia / Perfumería
60000000122882;Cruz Verde;Cruz Verde;299725;Pack Crema Dental Triple Acción Sabor Menta con Flúor 95Gr X2; $3.990 ; $2.000 ;;Farmacia / Perfumería
60000000136282;Cruz Verde;Cruz Verde;540021;Centrum Mini Multivitaminico-Multimineral para mayores de 8 años 30 Comprimidos Sabor Frambuesa-Limón; $12.990 ; $10.392 ;;Farmacia / Perfumería
F000048196;Cruz Verde;Cruz Verde;274534;Centrum Hombre Multivitaminico / Multimineral 30 Comprimidos Recubiertos; $17.240 ; $13.792 ;;Farmacia / Perfumería
F000048199;Cruz Verde;Cruz Verde;274536;Centrum Mujer Multivitaminico / Multimineral 30 Comprimidos Recubiertos; $17.340 ; $13.872 ;;Farmacia / Perfumería
F000048198;Cruz Verde;Cruz Verde;274535;Centrum Hombre Multivitaminico / Multimineral 60 Comprimidos Recubiertos; $31.790 ; $25.432 ;;Farmacia / Perfumería
F000048200;Cruz Verde;Cruz Verde;274537;Centrum Mujer Multivitaminico / Multimineral 60 Comprimidos Recubiertos; $31.590 ; $25.272 ;;Farmacia / Perfumería
F000018138;Cruz Verde;Cruz Verde;250709;Centrum Silver Multivitaminico-Multimineral para mayores de 50 años 30 Comprimidos; $13.990 ; $11.192 ;;Farmacia / Perfumería
F000018139;Cruz Verde;Cruz Verde;251670;Centrum Silver Multivitaminico-Multimineral para mayores de 50 años 60 Comprimidos; $31.490 ; $25.192 ;;Farmacia / Perfumería
F000032203;Cruz Verde;Cruz Verde;289998;Centrum Silver Hombre Multivitaminico-Multimineral para mayores de 50 años 60 Comprimidos; $33.390 ; $26.712 ;;Farmacia / Perfumería
F000032205;Cruz Verde;Cruz Verde;290000;Centrum Silver Mujer Multivitaminico-Multimineral para mayores de 50 años 60 Comprimidos; $28.050 ; $22.440 ;;Farmacia / Perfumería
F000018136;Cruz Verde;Cruz Verde;251669;Centrum Multivitaminico / Multimineral 60 Comprimidos Recubiertos; $22.590 ; $18.072 ;;Farmacia / Perfumería
F000018135;Cruz Verde;Cruz Verde;250708;Centrum Multivitaminico / Multimineral 30 Comprimidos Recubiertos; $13.490 ; $10.792 ;;Farmacia / Perfumería
700362040;Cruz Verde;Cruz Verde;275337;Crema Adhesiva Prótesis Dental Sabor Menta 20 gr; $9.390 ;;;Farmacia / Perfumería
700362043;Cruz Verde;Cruz Verde;260823;Crema Adhesiva Prótesis Dental Sin Sabor 20 gr; $9.390 ;;;Farmacia / Perfumería
700362092;Cruz Verde;Cruz Verde;393248;Ultra Crema Adhesiva Para Prótesis Dentales Máximo Sellado Sin Sabor 40 grs; $14.390 ;;;Farmacia / Perfumería
700362091;Cruz Verde;Cruz Verde;393249;Ultra Crema Adhesiva Para Prótesis Dentales Máximo Sellado Sin Sabor 70 grs; $21.990 ; $18.790 ;;Farmacia / Perfumería
700362044;Cruz Verde;Cruz Verde;274725;Crema Adhesiva Prótesis Dental Sin Sabor 70 gr; $19.690 ;;;Farmacia / Perfumería
700362078;Cruz Verde;Cruz Verde;291953;Crema Adhesiva Ultra Sabor Menta 70 gr; $19.690 ;;;Farmacia / Perfumería
700362041;Cruz Verde;Cruz Verde;26188;Crema Adhesiva Prótesis Dental Sabor Menta 40 gr; $13.190 ; $11.490 ;;Farmacia / Perfumería
700362045;Cruz Verde;Cruz Verde;252253;Crema Adhesiva Para Prótesis Dental Sin Sabor 40 gr; $13.190 ; $11.490 ;;Farmacia / Perfumería
60000000135482;Cruz Verde;Cruz Verde;548790;Max Hold y Fresh Cream 70g; $21.990 ;;;Farmacia / Perfumería
60000000202565;Cruz Verde;Cruz Verde;556000;Max Hold & Comfort Cream 70gr; $21.990 ;;;Farmacia / Perfumería
60000000202579;Cruz Verde;Cruz Verde;555999;Max Hold & Comfort Cream 40gr; $14.490 ;;;Farmacia / Perfumería
60000000135515;Cruz Verde;Cruz Verde;548793;Max Hold y Fresh Cream 40g; $14.490 ;;;Farmacia / Perfumería
60000000127633;Cruz Verde;Cruz Verde;548794;Limpiador Pro Ortodoncia 6x5; $8.090 ; $6.990 ;;Farmacia / Perfumería
60000000119600;Cruz Verde;Cruz Verde;272630;Limpiador Prótesis Dentales 30 Tabletas Efervescentes; $9.990 ;;;Farmacia / Perfumería
LA66138;Cruz Verde;Cruz Verde;297817;Tabletas Limpiadoras Efervescentes Blanqueador Protesis Dentales x30; $9.990 ;;;Farmacia / Perfumería
676590;Cruz Verde;Cruz Verde;26187;Adhesivo en Polvo para Protesis Dentales 50 gr; $17.490 ;;;Farmacia / Perfumería
676589;Cruz Verde;Cruz Verde;26186;Adhesivo en Polvo para Protesis Dental 22 gr; $10.290 ;;;Farmacia / Perfumería
700521016;Cruz Verde;Cruz Verde;26166;Eno Regular Bicarbonato 46,13 gr Polvo 100 gr; $3.390 ; $2.712 ;;Farmacia / Perfumería
700521019;Cruz Verde;Cruz Verde;26165;Eno Limón Bicarbonato 46,22 gr Polvo 100 gr; $3.390 ; $2.712 ;;Farmacia / Perfumería
700521057;Cruz Verde;Cruz Verde;26168;Eno Regular Bicarbonato 46,13% 1 Sobre; $490 ; $392 ;;Farmacia / Perfumería
700521058;Cruz Verde;Cruz Verde;26167;Eno Limón Bicarbonato 46,22% 1 Sobre; $490 ; $392 ;;Farmacia / Perfumería
60000000041130;Cruz Verde;Cruz Verde;268789;Women Desodorante Crema de 130 gr; $8.490 ;;;Farmacia / Perfumería
700661125;Cruz Verde;Cruz Verde;260668;Desodorante en Crema 60 gr; $5.690 ;;;Farmacia / Perfumería
700661129;Cruz Verde;Cruz Verde;257045;Desodorante Crema Hombre Full Protect 60 gr.; $5.690 ; $4.490 ;;Farmacia / Perfumería
700661143;Cruz Verde;Cruz Verde;26005;Desodorante En Crema Classic 60 gr; $5.690 ; $4.490 ;;Farmacia / Perfumería
700661141;Cruz Verde;Cruz Verde;26035;Desodorante en Crema 100 gr; $8.990 ;;;Farmacia / Perfumería
700661142;Cruz Verde;Cruz Verde;26006;Desodorante En Crema Clasico 30 gr; $3.990 ;;;Farmacia / Perfumería
60000000041126;Cruz Verde;Cruz Verde;272312;Men Roll-On Original Desodorante Antitranspirante 24Hrs 60 grs X2; $7.490 ;;;Farmacia / Perfumería
60000000041127;Cruz Verde;Cruz Verde;272311;Clásico Desodorante Roll On; $7.490 ;;;Farmacia / Perfumería
60000000107493;Cruz Verde;Cruz Verde;276933;Desodorante Roll On Antitranspirante; $7.490 ;;;Farmacia / Perfumería
60000000111470;Cruz Verde;Cruz Verde;292883;Panadol Extra Advance 500 mg/65 mg 14 Comprimidos; $2.940 ; $2.352 ;;Farmacia / Perfumería
60000000125482;Cruz Verde;Cruz Verde;532006;Panadol Advance Paracetamol 500 mg 48 Comprimidos; $8.540 ; $5.990 ;;Farmacia / Perfumería
60000000125483;Cruz Verde;Cruz Verde;399853;Panadol Advance Paracetamol 500 mg 12 Comprimidos; $2.890 ; $2.312 ;;Farmacia / Perfumería
200641069;Cruz Verde;Cruz Verde;26225;Panadol Pediatrico Paracetamol 80 mg 16 Comprimidos; $3.890 ; $3.112 ;;Farmacia / Perfumería
60000000126227;Cruz Verde;Cruz Verde;26066;Panadol Niños Paracetamol 160 mg / 5 mL Jarabe 60 mL; $10.490 ; $8.392 ;;Farmacia / Perfumería
60000000126226;Cruz Verde;Cruz Verde;524760;Panadol Niños Paracetamol 160 mg / 5 mL Jarabe 90 mL; $13.640 ; $8.990 ;;Farmacia / Perfumería
60000000126228;Cruz Verde;Cruz Verde;26011;Panadol Niños Paracetamol 100 mg / mL Gotas Orales 15 mL; $4.290 ; $3.432 ;;Farmacia / Perfumería
673230;Cruz Verde;Cruz Verde;264345;Flúor Pasta Dental de 90 gr; $5.690 ;;;Farmacia / Perfumería
60000000106941;Cruz Verde;Cruz Verde;277427;Pasta Dental Blanqueador 116 gr; $4.990 ;;;Farmacia / Perfumería
60000000110625;Cruz Verde;Cruz Verde;290664;Cepillo Dental Limpieza Profunda Suave; $6.490 ;;;Farmacia / Perfumería
60000000122043;Cruz Verde;Cruz Verde;300696;Cepillo Dental Sensibilidad y Encías Suave X1; $6.890 ;;;Farmacia / Perfumería
60000000108950;Cruz Verde;Cruz Verde;288096;Cepillo Dental Repara y Protege Suave; $9.290 ; $6.990 ;;Farmacia / Perfumería
60000000109056;Cruz Verde;Cruz Verde;288173;Complete Protection Suave Cepillo Dental; $8.790 ; $6.990 ;;Farmacia / Perfumería
60000000129474;Cruz Verde;Cruz Verde;536971;Cepillo Dental Repara y Protege Suave X3; $9.190 ;;;Farmacia / Perfumería
60000000129476;Cruz Verde;Cruz Verde;536970;Complete Proteccion Cepillo Dental Suave X3; $9.190 ;;;Farmacia / Perfumería
60000000109051;Cruz Verde;Cruz Verde;288095;Cepillo Dental Sensitive Care Suave; $7.990 ; $6.490 ;;Farmacia / Perfumería
60000000109125;Cruz Verde;Cruz Verde;553806;Pronamel Junior 100g; $4.190 ; $3.142 ;;Farmacia / Perfumería
60000000135996;Cruz Verde;Cruz Verde;544133;Pasta Dental Proteccion Completa Crema Dental Uso Diario con Fluor 90G; $6.690 ; $4.990 ;;Farmacia / Perfumería
676628;Cruz Verde;Cruz Verde;290663;Pasta Dental Limpieza profunda 90 gr; $6.690 ; $5.017 ;;Farmacia / Perfumería
670003;Cruz Verde;Cruz Verde;257598;Extrafresh Pasta Dental de 90 gr; $6.990 ; $5.242 ;;Farmacia / Perfumería
60000000104435;Cruz Verde;Cruz Verde;259578;Pasta Dental Complete Protection 100 gr; $7.790 ;;;Farmacia / Perfumería
670023;Cruz Verde;Cruz Verde;277434;Pasta Dental Extra Fresh con Fluor Dientes Sensibles 90 grs; $6.490 ; $4.867 ;;Farmacia / Perfumería
676627;Cruz Verde;Cruz Verde;258681;Pasta Dental Multi Protección 90 grs; $5.890 ; $4.417 ;;Farmacia / Perfumería
60000000122861;Cruz Verde;Cruz Verde;300694;Crema Dental con Flúor Sensibilidad y Encías Original 100 grs; $8.890 ; $6.667 ;;Farmacia / Perfumería
60000000130001;Cruz Verde;Cruz Verde;265925;Pasta Dental Repara y Protege 100 gr; $8.690 ; $6.490 ;;Farmacia / Perfumería
60000000138198;Cruz Verde;Cruz Verde;536959;Pasta Dental Repara y Protege Blanqueadora 100Gr X2; $12.790 ;;;Farmacia / Perfumería
60000000104527;Cruz Verde;Cruz Verde;268576;Repara & Protege Crema de 100 gr; $8.690 ; $6.490 ;;Farmacia / Perfumería
60000000119954;Cruz Verde;Cruz Verde;295003;Crema Dental Rápido Alivio Blanqueador 100Gr; $8.990 ; $6.490 ;;Farmacia / Perfumería
60000000122373;Cruz Verde;Cruz Verde;300693;Crema Dental con Flúor Sensibilidad y Encías Blanqueadora 100 grs; $8.990 ; $6.742 ;;Farmacia / Perfumería
60000000200793;Cruz Verde;Cruz Verde;552515;Sensibilidad & Esmalte Menta 100g; $7.990 ; $5.992 ;;Farmacia / Perfumería
60000000200796;Cruz Verde;Cruz Verde;552513;Sensibilidad & Esmalte Blanqueadora 100g; $7.990 ; $5.992 ;;Farmacia / Perfumería
60000000129041;Cruz Verde;Cruz Verde;262747;Pasta Dental Rápido Alivio de 100 gr.; $8.890 ; $6.490 ;;Farmacia / Perfumería
60000000122896;Cruz Verde;Cruz Verde;300695;Crema Dental Triple Acción con Flúor Sabor Menta 126 grs; $2.290 ;;;Farmacia / Perfumería
60000000206516;Cruz Verde;Cruz Verde;259715;Anacin Max 8 Comprimidos Recubiertos; $2.590 ; $1.790 ;;Farmacia / Perfumería
60000000206509;Cruz Verde;Cruz Verde;567268;Anacin Max 32 Comprimidos Recubiertos; $6.390 ; $5.112 ;;Farmacia / Perfumería
60000000138191;Cruz Verde;Cruz Verde;536969;Pasta Dental Sensibilidad y Encias Blanqueadora 100Gr X2; $13.490 ;;;Farmacia / Perfumería
60000000119346;Cruz Verde;Cruz Verde;297264;Pack Crema Dental Advanced Triple Protección Con Flúor 158 grs x2; $5.190 ; $3.690 ;;Farmacia / Perfumería
60000000209436;Cruz Verde;Cruz Verde;571962;Centrum Silver Mujer Multivitamínico - Multimineral 30 Comprimidos; $18.190 ; $14.552 ;;Farmacia / Perfumería
60000000209443;Cruz Verde;Cruz Verde;571960;Centrum Silver Hombre Multivitamínico - Multimineral 30 Comprimidos; $19.590 ; $15.672 ;;Farmacia / Perfumería
60000000117514;CENCOSUD;Jumbo;1768784;Cepillo de Dientes Aquafresh Advance Soft 9-12 Niños; $4.099 ;;;Supermercado
60000000022419;CENCOSUD;Jumbo;1580886;Cepillo de Dientes Aquafresh Big Teeth; $4.190 ; $3.390 ;;Supermercado
60000000026151;CENCOSUD;Jumbo;1580884;Cepillo de Dientes Aquafresh Little Teeth; $4.190 ;;;Supermercado
60000000022145;CENCOSUD;Jumbo;1623078;Cepillo de Dientes Aquafresh Baby Teeth Suave; $4.190 ;;;Supermercado
60000000116908;CENCOSUD;Jumbo;1915538;Cepillo de Dientes Aquafresh Clean & Flex Soft 3 un.; $3.790 ;;;Supermercado
60000000014126;CENCOSUD;Jumbo;531319;Cepillo de Dientes Aquafresh Flex Cuello Flexible Suave 2 un.; $2.990 ; $2.390 ;;Supermercado
60000000123975;CENCOSUD;Jumbo;1858461;Pasta Dental Aquafresh Active White 160 g; $4.490 ;;;Supermercado
60000000117498;CENCOSUD;Jumbo;1768785;Pasta Dental Aquafresh Advance 9-12 Años 75 cc; $3.550 ; $2.490 ;;Supermercado
60000000130177;CENCOSUD;Jumbo;1925081;Pasta Dental Aquafresh Advance Total Protect 158 g; $2.999 ;;;Supermercado
60000000106510;CENCOSUD;Jumbo;1733587;Pasta Dental Aquafresh Big Teeth 94 g; $3.550 ; $2.490 ;;Supermercado
60000000113586;CENCOSUD;Jumbo;1530540;Pasta Dental Aquafresh Clean White Action 158 g; $4.899 ;;;Supermercado
60000000123974;CENCOSUD;Jumbo;1925146;Pasta Dental Aquafresh Intense White 129 g; $3.250 ;;;Supermercado
60000000124612;CENCOSUD;Jumbo;1580883;Pasta Dental Aquafresh Little Teeth 63 g; $3.550 ; $2.490 ;;Supermercado
60000000124313;CENCOSUD;Jumbo;1858462;Pasta Dental Aquafresh Active White 160 g 2 un.; $6.790 ;;;Supermercado
60000000117710;CENCOSUD;Jumbo;1768786;Pasta Dental Aquafresh Kids Advance 95 cc 2 un.; $5.550 ;;;Supermercado
60000000132675;CENCOSUD;Jumbo;1925082;Pasta Dental Aquafresh Advanced Triple Protection 158 g 2 un.; $5.090 ;;;Supermercado
60000000114719;CENCOSUD;Jumbo;1776152;Pasta Dental Aquafresh My Big Teeth 94 g 2 un.; $5.550 ;;;Supermercado
60000000111697;CENCOSUD;Jumbo;1604046;Pasta Dental Aquafresh Whitening 158 g 2 un.; $7.790 ;;;Supermercado
60000000124464;CENCOSUD;Jumbo;1865653;Pasta Dental Aquafresh Intense White 96 g 2 un.; $2.390 ;;;Supermercado
60000000123608;CENCOSUD;Jumbo;1845140;Pasta Dental Aquafresh Menta 158 g 2 un.; $4.850 ; $3.990 ;;Supermercado
60000000122882;CENCOSUD;Jumbo;1845141;Pasta Dental Aquafresh Menta 95 g 2 un.; $2.390 ;;;Supermercado
60000000130726;CENCOSUD;Jumbo;1878045;Pasta Dental Aquafresh Menta 378 g 3 un.; $4.890 ;;;Supermercado
60000000208753;CENCOSUD;Jumbo;1999376;Tripack Pasta Dental Aquafresh White & Shine 96 g; $3.490 ;;;Supermercado
60000000122896;CENCOSUD;Jumbo;1845142;Pasta Dental Aquafresh Menta 126 g; $2.190 ;;;Supermercado
60000000202377;CENCOSUD;Jumbo;2006539;Pasta Dental Aquafresh White & Shine 96.75 g; $1.090 ;;;Supermercado
F000048196;CENCOSUD;Jumbo;1885042;Centrum Hombre Multivitamínico 30 Comprimidos; $18.590 ;;;Supermercado
F000048198;CENCOSUD;Jumbo;1885043;Centrum Hombre Multivitamínico 60 Comprimidos; $27.590 ; $21.990 ;;Supermercado
60000000136282;CENCOSUD;Jumbo;1938720;Centrum Kids Tablet 30 Comprimidos; $15.890 ; $11.990 ;;Supermercado
F000048199;CENCOSUD;Jumbo;1885044;Centrum Mujer Multivitamínico 30 Comprimidos; $18.590 ;;;Supermercado
F000048200;CENCOSUD;Jumbo;1885045;Centrum Mujer Multivitamínico 60 Comprimidos; $27.590 ; $21.990 ;;Supermercado
F000032203;CENCOSUD;Jumbo;1914661;Centrum Silver Hombre Multivitamínico 60 Comprimidos; $30.690 ; $23.990 ;;Supermercado
F000032205;CENCOSUD;Jumbo;1914662;Centrum Silver Mujer Multivitamínico 60 Comprimidos; $30.690 ; $23.990 ;;Supermercado
700362045;CENCOSUD;Jumbo;639575;Crema Adhesiva Dental Corega Ultra Sin Sabor 40 g; $13.190 ;;;Supermercado
700362044;CENCOSUD;Jumbo;1641455;Crema Adhesiva Dental Corega Ultra 70 g; $19.990 ;;;Supermercado
60000000202565;CENCOSUD;Jumbo;1993700;Crema Adhesiva Dental Corega Máxima Comodidad 70 g; $19.990 ;;;Supermercado
60000000135515;CENCOSUD;Jumbo;1963621;Crema Adhesiva Dental Corega Máxima Frescura 40 g; $12.820 ;;;Supermercado
60000000135482;CENCOSUD;Jumbo;1963620;Crema Adhesiva Dental Corega Máxima Frescura 70 g; $19.990 ;;;Supermercado
700362092;CENCOSUD;Jumbo;1880272;Crema Adhesiva Dental Corega Máximo Sellado 40 g; $14.590 ;;;Supermercado
700362091;CENCOSUD;Jumbo;1880271;Crema Adhesiva Dental Corega Máximo Sellado 70 g; $19.690 ;;;Supermercado
60000000119600;CENCOSUD;Jumbo;1604047;Tabletas Limpiadoras Corega Prótesis Dental 30 un.; $8.590 ;;;Supermercado
LA66138;CENCOSUD;Jumbo;1880273;Tabletas Limpiadoras Corega Prótesis Dental Blanqueador 30 un.; $9.790 ;;;Supermercado
60000000127633;CENCOSUD;Jumbo;1950822;Tabletas Limpiadoras Corega Pro Ortodoncia 30 un.; $8.250 ;;;Supermercado
700661141;CENCOSUD;Jumbo;274174;Desodorante Crema Etiquet Women Antitranspirante 100 g; $7.490 ;;;Supermercado
700661143;CENCOSUD;Jumbo;274176;Desodorante Crema Etiquet Women Antitranspirante 60 g; $5.390 ;;;Supermercado
700661125;CENCOSUD;Jumbo;1027556;Desodorante Crema Etiquet Masculino Action 60 g; $4.399 ;;;Supermercado
700661129;CENCOSUD;Jumbo;911631;Desodorante Crema Etiquet Men Full Protect Antitranspirante 60 g; $5.390 ;;;Supermercado
60000000041127;CENCOSUD;Jumbo;1580888;Desodorante Roll On Etiquet Pack Clásico 60 g 2 un.; $6.190 ; $4.990 ;;Supermercado
60000000107493;CENCOSUD;Jumbo;1903987;Desodorante Roll On Etiquet Floral 60 g 2 un.; $6.190 ; $4.990 ;;Supermercado
60000000041126;CENCOSUD;Jumbo;1580887;Desodorante Roll On Masculino Etiquet Pack 60 g 2 un.; $6.190 ;;;Supermercado
700661221;CENCOSUD;Jumbo;1254586;Desodorante Roll On Etiquet Deo Clasico 60 g; $3.650 ;;;Supermercado
700661133;CENCOSUD;Jumbo;274184;Desodorante Roll On Etiquet Floral 60 g; $1.390 ;;;Supermercado
60000000109056;CENCOSUD;Jumbo;1733585;Cepillo de Dientes Sensodyne Complete Protection Suave 2 un.; $7.390 ;;;Supermercado
60000000129476;CENCOSUD;Jumbo;1923863;Cepillo de Dientes Sensodyne Complete Protection Suave 3 un.; $8.790 ;;;Supermercado
60000000110625;CENCOSUD;Jumbo;1741016;Cepillo de Dientes Limpieza Profunda Suave 1 un.; $4.999 ;;;Supermercado
60000000129474;CENCOSUD;Jumbo;1923862;Cepillo de Dientes Sensodyne R&P Suave 3 un.; $8.790 ; $6.790 ;;Supermercado
60000000108950;CENCOSUD;Jumbo;1716801;Cepillo de Dientes Sensodyne Repara & Protege 2 un.; $7.390 ;;;Supermercado
60000000122043;CENCOSUD;Jumbo;1849136;Cepillo de Dientes Sensodyne Sensibilidad y Encías; $5.790 ;;;Supermercado
60000000202429;CENCOSUD;Jumbo;1966938;Cepillo de Dientes Sensodyne Esmalte & Sensibilidad; $5.390 ;;;Supermercado
60000000109051;CENCOSUD;Jumbo;1716802;Cepillo de Dientes Sensodyne Sensitive Care 2 un.; $6.990 ;;;Supermercado
670003;CENCOSUD;Jumbo;996166;Pasta Dental Sensodyne 90 g; $5.890 ;;;Supermercado
60000000135996;CENCOSUD;Jumbo;1948541;Pasta Dental Sensodyne Comp Prot White 90 g; $6.390 ; $4.990 ;;Supermercado
670023;CENCOSUD;Jumbo;1672590;Pasta Dental Sensodyne Extra Fresh 90 g; $5.790 ;;;Supermercado
676628;CENCOSUD;Jumbo;1741015;Pasta Dental Sensodyne Limpieza Profunda 90 g; $6.590 ;;;Supermercado
676627;CENCOSUD;Jumbo;954118;Pasta Dental Sensodyne Multi Protección 90 g; $5.699 ;;;Supermercado
60000000124502;CENCOSUD;Jumbo;1865652;Pasta Dental Sensodyne Limpieza Profunda 2 un. 90 g; $11.790 ;;;Supermercado
60000000109125;CENCOSUD;Jumbo;1970102;Pasta Dental Sensodyne Junior Esmalte 129 g; $4.190 ; $3.190 ;;Supermercado
60000000129041;CENCOSUD;Jumbo;1093653;Pasta Dental Sensodyne 100 g; $7.990 ;;;Supermercado
60000000119954;CENCOSUD;Jumbo;1778524;Pasta Dental Sensodyne Rápido Alivio Blanqueador 100 g; $7.590 ;;;Supermercado
60000000130001;CENCOSUD;Jumbo;1353774;Pasta Dental Sensodyne Repair & Protect 100 g; $7.990 ; $6.590 ;;Supermercado
60000000104527;CENCOSUD;Jumbo;1467236;Pasta Dental Sensodyne R&P Whitening 100 g; $7.990 ; $6.590 ;;Supermercado
60000000138198;CENCOSUD;Jumbo;1933911;Pasta Dental Sensodyne Repara & Protege Blanqueadora 2 un. 100 g; $13.590 ;;;Supermercado
60000000122861;CENCOSUD;Jumbo;1849135;Pasta Dental Sensodyne Sensibilidad & Encías 100 g; $7.590 ;;;Supermercado
60000000122373;CENCOSUD;Jumbo;1849134;Pasta Dental Sensodyne Sensibilidad & Encías Blanqueador 100 g; $7.990 ;;;Supermercado
60000000138191;CENCOSUD;Jumbo;1933912;Pasta Dental Sensodyne Sensibilidad y Encías Blanqueadora 2 un. 100 g; $13.590 ;;;Supermercado
60000000200796;CENCOSUD;Jumbo;1970103;Pasta Dental Sensodyne Sensibilidad & Esmalte Blanqueadora 100 g; $7.890 ;;;Supermercado
60000000200793;CENCOSUD;Jumbo;1970104;Pasta Dental Sensodyne Sensibilidad & Esmalte 100 g; $7.890 ;;;Supermercado
60000000207024;CENCOSUD;Jumbo;2003286;Pasta Dental Sensodyne Blanqueador 140 g; $8.990 ;;;Supermercado
60000000207070;CENCOSUD;Jumbo;2003285;Pasta Dental Sensodyne Complete Protect 140 g; $8.990 ;;;Supermercado
60000000206281;CENCOSUD;Jumbo;2003283;Pasta Dental Sensodyne Anti Sarro 90 g; $6.390 ;;;Supermercado
60000000110990;CENCOSUD;Jumbo;1925080;Pack Desodorante Roll On Etiquet Mujer 60 g + Hombre 60 g; $5.590 ;;;Supermercado
60000000211972;CENCOSUD;Jumbo;2052693;Pasta Dental Aquafresh Sabor Menta 95 g 3 un.; $3.490 ;;;Supermercado
60000000014126;PREUNIC;Preunic;13574;AQUAFRESH Flex Cepillo Dental Cuidado Diario Suave Pack x2; $3.499 ; $2.000 ;;Farmacia / Perfumería
60000000022419;PREUNIC;Preunic;2035962;Cepillo Dental Big Teeth Suave; $4.399 ; $2.999 ;;Farmacia / Perfumería
60000000026151;PREUNIC;Preunic;2037318;Cepillo Dental Little Teeth Suave; $4.399 ; $2.999 ;;Farmacia / Perfumería
60000000116908;PREUNIC;Preunic;572532;Cepillo de Dientes Flex Cuello flexible Suave Aquafresh 3 unidades; $3.699 ; $2.774 ;;Farmacia / Perfumería
60000000117514;PREUNIC;Preunic;5980034;Cepillo Aquafresh Advanced 9-12 TB; $4.499 ; $2.999 ;;Farmacia / Perfumería
60000000026110;PREUNIC;Preunic;2019880;Pasta de dietes Advanced Cavity Protection Cleantion; $3.699 ; $2.774 ;;Farmacia / Perfumería
60000000106510;PREUNIC;Preunic;5980028;Crema Dental Menta Con Protección Contra Azúcar; $3.999 ; $2.999 ;;Farmacia / Perfumería
60000000111697;PREUNIC;Preunic;2039404;Pack de Cremas Dentales Extreme Clean Whitening; $7.799 ; $5.849 ;;Farmacia / Perfumería
60000000111809;PREUNIC;Preunic;5980027;Pack de pastas de dientes Advanced; $5.499 ; $3.699 ;;Farmacia / Perfumería
60000000114719;PREUNIC;Preunic;5980041;Crema dental Aquafresh Big Teeth (6 - 8 años) 94g.; $5.499 ; $4.124 ;;Farmacia / Perfumería
60000000117498;PREUNIC;Preunic;5980033;Pasta Aquafresh Advanced 9-12; $3.999 ; $2.999 ;;Farmacia / Perfumería
60000000122896;PREUNIC;Preunic;575225;AQUAFRESH CREMA DENTAL SABOR MENTA 126gr; $2.299 ; $1.000 ;;Farmacia / Perfumería
60000000123608;PREUNIC;Preunic;2040559;Pack de Cremas Dentales Triple Protección Soft Mint; $4.999 ; $3.749 ;;Farmacia / Perfumería
60000000124612;PREUNIC;Preunic;2035964;Pasta de dientes infantil Little Teeth Pasta; $3.999 ; $2.999 ;;Farmacia / Perfumería
700362040;PREUNIC;Preunic;5980001;Crema Ultra Adhesiva para Protesis Dentales  Sabor a Menta de 20 gr; $8.999 ; $7.649 ;;Farmacia / Perfumería
700362043;PREUNIC;Preunic;2030436;Crema Ultra Adhesiva para Protesis Dentales  Sin Sabor NEW; $8.999 ; $7.649 ;;Farmacia / Perfumería
700362045;PREUNIC;Preunic;1008244;Crema Ultra Adhesiva para Protesis Dentales  Sin Sabor de 40 gr; $12.999 ; $11.049 ;;Farmacia / Perfumería
60000000041130;PREUNIC;Preunic;2001179;Pack de antitranspirante en crema de 100gr y 30gr; $8.399 ; $6.299 ;;Farmacia / Perfumería
700661129;PREUNIC;Preunic;2010055;Desodorante Antitranspirante en Crema Full Protect para Hombre; $5.699 ; $4.274 ;;Farmacia / Perfumería
700661143;PREUNIC;Preunic;35007;Desodorante Antitranspirante en Crema Clásico de 100 gr 1 unidad; $5.799 ; $4.349 ;;Farmacia / Perfumería
60000000041126;PREUNIC;Preunic;2034569;Pack Etiquet Roll On Men 60g x2; $6.299 ; $4.724 ;;Farmacia / Perfumería
60000000041127;PREUNIC;Preunic;2034571;Pack Etiquet Roll On Clásico 60g x2; $6.299 ; $4.724 ;;Farmacia / Perfumería
60000000107493;PREUNIC;Preunic;5980006;Pack de desodorantes Roll-On Woman Floral; $6.299 ; $4.724 ;;Farmacia / Perfumería
700661133;PREUNIC;Preunic;36071;Etiquet Roll On Floral 60g; $2.000 ;;;Farmacia / Perfumería
700661261;PREUNIC;Preunic;2029366;Antitranspirante RollOn Blue Ice; $2.000 ;;;Farmacia / Perfumería
60000000109051;PREUNIC;Preunic;5980026;Pack Cepillo Sensitive Care; $7.999 ; $3.999 ;;Farmacia / Perfumería
60000000109056;PREUNIC;Preunic;5980024;Pack Cepillo Complete Protection; $8.299 ; $4.149 ;;Farmacia / Perfumería
60000000104527;PREUNIC;Preunic;2031728;Pasta Dental Repara y Protege Blanqueador; $8.899 ; $4.449 ;;Farmacia / Perfumería
60000000119954;PREUNIC;Preunic;5980037;Sensodyne Rapido Alivio Blanqueadora; $8.999 ; $4.499 ;;Farmacia / Perfumería
60000000129041;PREUNIC;Preunic;2023377;Crema Dental Rapido Alivio; $8.899 ; $4.449 ;;Farmacia / Perfumería
60000000130001;PREUNIC;Preunic;2027994;Pasta Dental Repara y Protege; $8.899 ; $4.449 ;;Farmacia / Perfumería
670003;PREUNIC;Preunic;2017605;Crema Dental Extra Fresh Whitening; $6.999 ; $3.499 ;;Farmacia / Perfumería
670023;PREUNIC;Preunic;5980015;Pasta dental Extra Fresh con flúor; $6.299 ; $3.149 ;;Farmacia / Perfumería
676628;PREUNIC;Preunic;5980031;Sensodyne limpieza profunda; $6.499 ; $3.249 ;;Farmacia / Perfumería
60000000122882;PREUNIC;Preunic;575226;AQUAFRESH CREMA DENTAL SABOR MENTA 2X95gr; $3.999 ; $2.000 ;;Farmacia / Perfumería
60000000124464;PREUNIC;Preunic;577114;Pack crema dental Intense White 2 un. 96 g c/u; $2.499 ; $1.874 ;;Farmacia / Perfumería
60000000123975;PREUNIC;Preunic;578284;Pasta Dental Aquafresh Active White 160gr; $2.000 ;;;Farmacia / Perfumería
700362092;PREUNIC;Preunic;578792;COREGA MAX SEAL FIXATIVE CREAM X 40G; $13.999 ; $10.799 ;;Farmacia / Perfumería
60000000130726;PREUNIC;Preunic;580892;AQUAFRESH PACK SABOR MENTA 3X126G; $5.499 ; $4.124 ;;Farmacia / Perfumería
60000000122861;PREUNIC;Preunic;575369;Sensodyne Sensibilidad & Encías Pastas Dental; $8.999 ; $4.499 ;;Farmacia / Perfumería
700362091;PREUNIC;Preunic;578699;COREGA MAX SEAL FIXATIVE CREAM X 70G; $19.999 ; $16.999 ;;Farmacia / Perfumería
700362044;PREUNIC;Preunic;8440004;COREGA CREMA SIN SABOR 70G; $19.599 ; $15.499 ;;Farmacia / Perfumería
700362078;PREUNIC;Preunic;573838;Corega Crema Sabor Menta 70G; $19.599 ; $15.499 ;;Farmacia / Perfumería
60000000124502;PREUNIC;Preunic;577719;Sensodyne Limpieza Profunda 2x90gr; $11.499 ; $5.749 ;;Farmacia / Perfumería
60000000129474;PREUNIC;Preunic;581845;Sensodyne Cepillo Repara & Protege Soft x3; $8.999 ; $4.499 ;;Farmacia / Perfumería
60000000138191;PREUNIC;Preunic;582297;Sensodyne Sensibilidad & Encías Blaqueador 2x100gr; $13.499 ;;;Farmacia / Perfumería
60000000129476;PREUNIC;Preunic;581846;Sensodyne Cepillo Complete Protection Soft x3; $8.999 ; $4.499 ;;Farmacia / Perfumería
60000000138198;PREUNIC;Preunic;582298;Sensodyne Repara & Protege Blaqueador 2x100gr; $13.499 ;;;Farmacia / Perfumería
60000000135996;PREUNIC;Preunic;584056;Sensodyne Complete Protection + 90g; $6.399 ; $3.199 ;;Farmacia / Perfumería
60000000135482;PREUNIC;Preunic;584742;Adhesivo Dental Crema; $20.999 ; $17.849 ;;Farmacia / Perfumería
60000000127633;PREUNIC;Preunic;582973;Limpiador Ortodoncia Dental ; $8.299 ; $5.899 ;;Farmacia / Perfumería
60000000200796;PREUNIC;Preunic;585088;Crema dental; $7.899 ; $3.949 ;;Farmacia / Perfumería
60000000200793;PREUNIC;Preunic;585089;Sensodyne Sensibilidad & Esmalte Menta 100g; $7.899 ; $3.949 ;;Farmacia / Perfumería
60000000202429;PREUNIC;Preunic;585087;Sensodyne Cepillo Sensibilidad & Esmalte Suave; $5.299 ; $2.649 ;;Farmacia / Perfumería
F000032205;PREUNIC;Preunic;576415;Multivitamínico Centrum Silver Mujer 60 Comprimidos; $29.999 ; $20.999 ;;Farmacia / Perfumería
F000048199;PREUNIC;Preunic;576418;Multivitamínico Centrum Mujer Tabletas 30 Comprimidos; $17.999 ; $12.599 ;;Farmacia / Perfumería
60000000208753;PREUNIC;Preunic;588270;Aquafresh White & Shine 75 Gr x3; $3.999 ; $2.999 ;;Farmacia / Perfumería
60000000206281;PREUNIC;Preunic;588260;Sensodyne Complete Protection Antisarro 90 G; $6.399 ; $3.199 ;;Farmacia / Perfumería
60000000207070;PREUNIC;Preunic;588259;Sensodyne Complete Protection 140 G; $8.799 ; $4.399 ;;Farmacia / Perfumería
60000000207024;PREUNIC;Preunic;588293;Sensodyne Blanqueador Extra Fresh 140 G; $8.799 ; $4.399 ;;Farmacia / Perfumería
60000000209844;PREUNIC;Preunic;592752;Crema Dental Sensodyne Pro-Esmalte Niños de Uso Diario con Flúor; $4.999 ; $2.499 ;;Farmacia / Perfumería
676626;PREUNIC;Preunic;2014872;Crema Dental para Dientes Sensibles; $4.499 ;;;Farmacia / Perfumería
60000000207057;PREUNIC;Preunic;592919;Crema Dental Sensodyne Clinical Repair Deep Clean de Uso Diario con Flúor; $9.499 ; $4.749 ;;Farmacia / Perfumería
60000000122043;SALCOBRAND;Salcobrand;575370;Sensodyne Cepillo Sensibilidad y Encías; $6.499 ;;;Farmacia / Perfumería
60000000116908;SALCOBRAND;Salcobrand;572532;Pack Cepillos Clean&Flex Soft 3 Un; $3.799 ; $3.000 ;;Farmacia / Perfumería
60000000111697;SALCOBRAND;Salcobrand;5982046;Pack de Cremas Dentales Extreme Clean Whitening ; $7.499 ;;;Farmacia / Perfumería
F000032205;SALCOBRAND;Salcobrand;576415;Multivitamínico Mujer Silver Centrum 60 Comprimidos; $30.199 ; $22.649 ;;Farmacia / Perfumería
F000048200;SALCOBRAND;Salcobrand;576416;Centrum Mujer Multivitamínico 60 Comprimidos; $28.899 ; $21.674 ;;Farmacia / Perfumería
60000000122882;SALCOBRAND;Salcobrand;575226;Pack Sabor Menta Aquafresh 2x95g; $3.999 ; $1.999 ;;Farmacia / Perfumería
60000000136282;SALCOBRAND;Salcobrand;583031;Centrum Mini Multivitaminico 30 Comprimidos; $16.499 ;;;Farmacia / Perfumería
F000018136;SALCOBRAND;Salcobrand;576417;Centrum Adultos Multivitamínico con Vitaminas y Minerales 60 Comprimidos; $22.699 ; $17.024 ;;Farmacia / Perfumería
F000048199;SALCOBRAND;Salcobrand;576418;Centrum Mujer Multivitamínico con Vitaminas y Minerales 30 Comprimidos; $17.699 ; $13.274 ;;Farmacia / Perfumería
F000048198;SALCOBRAND;Salcobrand;576419;Centrum Hombre Multivitamínico 60 Comprimidos; $29.099 ; $21.824 ;;Farmacia / Perfumería
F000048196;SALCOBRAND;Salcobrand;576421;Centrum Hombre Multivitamínico 30 Comprimidos; $17.699 ; $13.274 ;;Farmacia / Perfumería
F000032203;SALCOBRAND;Salcobrand;576422;Multivitamínico Centrum Silver Hombre +50 Años 60 Comprimidos Recubiertos; $30.999 ; $23.249 ;;Farmacia / Perfumería
F000018139;SALCOBRAND;Salcobrand;576423;Centrum Silver Multivitamínico 60 Comprimidos; $30.699 ; $23.024 ;;Farmacia / Perfumería
700362040;SALCOBRAND;Salcobrand;5980001;Crema Ultra Adhesiva Para Protesis Dentales Menta 20Gr; $9.299 ;;;Farmacia / Perfumería
700362043;SALCOBRAND;Salcobrand;5987247;Corega Ultra Crema Adhesiva Sin Sabor 20g; $8.999 ;;;Farmacia / Perfumería
700362092;SALCOBRAND;Salcobrand;578792;Corega Máximo Sellado 40 grs; $14.299 ;;;Farmacia / Perfumería
700362091;SALCOBRAND;Salcobrand;578699;Corega Máximo Sellado 70 Grs; $21.399 ; $18.790 ;;Farmacia / Perfumería
700362044;SALCOBRAND;Salcobrand;8440004;Corega Ultra Crema Adhesiva Sin Sabor 70g; $19.699 ;;;Farmacia / Perfumería
700362078;SALCOBRAND;Salcobrand;573838;Crema Adhesiva Ultra Menta; $19.799 ;;;Farmacia / Perfumería
700362041;SALCOBRAND;Salcobrand;5980060;Corega Ultra Crema Adhesiva Sabor Menta 40g; $13.199 ; $11.490 ;;Farmacia / Perfumería
700362045;SALCOBRAND;Salcobrand;5988061;Corega Ultra Crema Adhesiva Sin Sabor 40g; $13.299 ; $11.490 ;;Farmacia / Perfumería
60000000135482;SALCOBRAND;Salcobrand;584742;Corega Ultra Máxima Fijación y Frescura 70g; $20.999 ;;;Farmacia / Perfumería
60000000202565;SALCOBRAND;Salcobrand;586505;Corega Máxima Fijación y Comodidad 70g; $21.499 ;;;Farmacia / Perfumería
60000000202579;SALCOBRAND;Salcobrand;586506;Corega Máxima Fijación y Comodidad 40g; $14.299 ;;;Farmacia / Perfumería
60000000135515;SALCOBRAND;Salcobrand;584741;Corega Ultra Máxima Fijación y Frescura 40g; $14.399 ;;;Farmacia / Perfumería
60000000127633;SALCOBRAND;Salcobrand;582973;Limpiador de Aparatos Dentales Removibles 30 Tabletas; $8.399 ; $6.990 ;;Farmacia / Perfumería
60000000119600;SALCOBRAND;Salcobrand;5987142;Tabletas Limpiadoras de Prótesis Dentales 30 Tabletas; $9.199 ;;;Farmacia / Perfumería
LA66138;SALCOBRAND;Salcobrand;574254;Corega Tabs Blanquedor Caja 30 Unidades; $9.999 ;;;Farmacia / Perfumería
676590;SALCOBRAND;Salcobrand;5980059;Adhesivo dental Ultra en Polvo ; $17.399 ;;;Farmacia / Perfumería
676589;SALCOBRAND;Salcobrand;5980326;Adhesivo dental Ultra en Polvo ; $10.299 ;;;Farmacia / Perfumería
700521016;SALCOBRAND;Salcobrand;3121913;Eno Regular 100g; $4.099 ; $3.000 ;;Farmacia / Perfumería
700521019;SALCOBRAND;Salcobrand;3121923;Eno Limón 100g; $4.099 ; $3.000 ;;Farmacia / Perfumería
700661125;SALCOBRAND;Salcobrand;5986753;Etiquet Desodorante en Crema 60g; $5.499 ;;;Farmacia / Perfumería
700661143;SALCOBRAND;Salcobrand;5983608;Etiquet Desodorante en Crema 60g; $5.799 ; $4.490 ;;Farmacia / Perfumería
700661141;SALCOBRAND;Salcobrand;5983604;Etiquet Desodorante en Crema 100g; $8.699 ;;;Farmacia / Perfumería
700661133;SALCOBRAND;Salcobrand;5983044;Desodorante Roll-On Antitranspirante Floral ; $1.999 ;;;Farmacia / Perfumería
60000000107493;SALCOBRAND;Salcobrand;5980006;Pack de Desodorantes Roll-On Mujer Floral; $7.299 ;;;Farmacia / Perfumería
60000000125482;SALCOBRAND;Salcobrand;579405;Panadol Advance (R) Paracetamol 500mg 48 Comprimidos Recubiertos; $8.699 ; $7.655 ;;Farmacia / Perfumería
60000000125483;SALCOBRAND;Salcobrand;579404;Panadol Advance (R) Paracetamol 500mg 12 Comprimidos Recubiertos; $2.999 ; $2.639 ;;Farmacia / Perfumería
200641069;SALCOBRAND;Salcobrand;574992;Panadol Kids (B) Paracetamol 20 Comprimidos Masticables; $4.299 ; $3.783 ;;Farmacia / Perfumería
60000000126226;SALCOBRAND;Salcobrand;581367;Panadol Niños Paracetamol Jarabe 90ml; $12.599 ; $11.087 ;;Farmacia / Perfumería
60000000126228;SALCOBRAND;Salcobrand;581365;Panadol Niños Paracetamol Gotas 15ml; $4.299 ; $3.783 ;;Farmacia / Perfumería
F000018138;SALCOBRAND;Salcobrand;576424;Centrum Silver Multivitamínico 30 Comprimidos; $19.699 ; $14.774 ;;Farmacia / Perfumería
60000000129474;SALCOBRAND;Salcobrand;581845;Sensodyne Cepillo Repara & Protege Soft x3; $9.199 ; $5.979 ;;Farmacia / Perfumería
60000000129476;SALCOBRAND;Salcobrand;581846;Sensodyne Cepillo Complete Protection Soft x3; $9.199 ; $5.979 ;;Farmacia / Perfumería
60000000109051;SALCOBRAND;Salcobrand;5980026;Sensodyne Cepillo Sensitive Care x2; $7.999 ; $5.199 ;;Farmacia / Perfumería
60000000202429;SALCOBRAND;Salcobrand;585087;Sensodyne Cepillo Sensibilidad y Esmalte; $5.199 ; $3.379 ;;Farmacia / Perfumería
60000000109125;SALCOBRAND;Salcobrand;585086;Sensodyne Pro Esmalte Junior 129g; $4.499 ; $2.969 ;;Farmacia / Perfumería
60000000135996;SALCOBRAND;Salcobrand;584056;Sensodyne Protección Completa Blanqueador 90g; $6.499 ; $4.224 ;;Farmacia / Perfumería
60000000206281;SALCOBRAND;Salcobrand;588260;Sensodyne Protección Completa Antisarro 90g; $6.299 ; $4.094 ;;Farmacia / Perfumería
676628;SALCOBRAND;Salcobrand;5980031;Sensodyne Limpieza Profunda 90g; $6.699 ; $4.354 ;;Farmacia / Perfumería
F000018135;SALCOBRAND;Salcobrand;576425;Centrum Adultos Multivitamínico Frasco 30 Comprimidos; $13.599 ; $10.199 ;;Farmacia / Perfumería
60000000124502;SALCOBRAND;Salcobrand;577719;Sensodyne Limpieza Profunda 2 x 90g; $10.999 ; $7.149 ;;Farmacia / Perfumería
670023;SALCOBRAND;Salcobrand;5980015;Sensodyne Extra Fresh 90g; $6.599 ; $4.289 ;;Farmacia / Perfumería
60000000122861;SALCOBRAND;Salcobrand;575369;Sensodyne Sensibilidad y Encías 100g; $8.999 ; $5.849 ;;Farmacia / Perfumería
60000000138198;SALCOBRAND;Salcobrand;582298;Sensodyne Repara y Protege Blanqueador Mega 2x100g; $13.599 ; $8.839 ;;Farmacia / Perfumería
60000000124464;SALCOBRAND;Salcobrand;577114;Pack Pasta Dental Intense White 2x96 grm; $3.999 ; $1.999 ;;Farmacia / Perfumería
60000000122373;SALCOBRAND;Salcobrand;575368;Sensodyne Sensibilidad y Encías Blanqueador 100g; $8.999 ; $5.849 ;;Farmacia / Perfumería
60000000200796;SALCOBRAND;Salcobrand;585088;Sensodyne Sensibilidad & Esmalte Blanqueadora 100g; $7.699 ; $5.004 ;;Farmacia / Perfumería
60000000129041;SALCOBRAND;Salcobrand;5985000;Sensodyne Rápido Alivio 100g; $8.999 ; $5.849 ;;Farmacia / Perfumería
60000000207070;SALCOBRAND;Salcobrand;588259;Sensodyne Protección Completa Blanqueador 140g; $8.799 ; $5.719 ;;Farmacia / Perfumería
60000000207024;SALCOBRAND;Salcobrand;588293;Sensodyne Blanqueador Extra Fresh 140g; $8.799 ; $5.719 ;;Farmacia / Perfumería
60000000206516;SALCOBRAND;Salcobrand;588338;Anacin Max 8 Comprimidos Recubiertos; $2.799 ; $1.990 ;;Farmacia / Perfumería
60000000206509;SALCOBRAND;Salcobrand;588339;Anacin Max 32 Comprimidos Recubiertos; $7.499 ; $5.990 ;;Farmacia / Perfumería
60000000206515;SALCOBRAND;Salcobrand;588337;Anacin Clásico 8 Comprimidos Recubiertos; $2.199 ; $1.890 ;;Farmacia / Perfumería
60000000206499;SALCOBRAND;Salcobrand;588401;Anacin Clásico 32 Comprimidos Recubiertos; $6.399 ; $4.990 ;;Farmacia / Perfumería
60000000138191;SALCOBRAND;Salcobrand;582297;Sensodyne Sensibilidad y Encías Blanqueador Mega 2x100g; $13.599 ; $8.839 ;;Farmacia / Perfumería
60000000111809;SALCOBRAND;Salcobrand;5980027;Crema Dental Advanced 2 Unidades; $5.399 ;;;Farmacia / Perfumería
60000000130726;SALCOBRAND;Salcobrand;580892;Pack Aquafresh Triple Protection Sabor Menta 3 Unidades; $5.299 ;;;Farmacia / Perfumería
60000000200793;SALCOBRAND;Salcobrand;585089;Sensodyne Sensibilidad y Esmalte 100g; $7.699 ; $5.004 ;;Farmacia / Perfumería
60000000208753;SALCOBRAND;Salcobrand;588270;Pasta Dental Aquafresh White & Shine 75g 3 Unidades; $4.599 ;;;Farmacia / Perfumería
60000000123608;SALCOBRAND;Salcobrand;5980010;Aquafresh Pack Sabor Menta 158x2; $4.499 ; $3.690 ;;Farmacia / Perfumería
60000000109056;SALCOBRAND;Salcobrand;5980024;Sensodyne Cepillo Protección Completa x2; $8.399 ; $5.459 ;;Farmacia / Perfumería
60000000108950;SALCOBRAND;Salcobrand;5980025;Sensodyne Cepillo Repara y Protege x2; $8.399 ; $5.459 ;;Farmacia / Perfumería
60000000106510;SALCOBRAND;Salcobrand;5980028;Crema Dental Aquafresh Big Teeth; $3.999 ; $2.990 ;;Farmacia / Perfumería
60000000117498;SALCOBRAND;Salcobrand;5980033;Crema Dental Advance 9-12 Años 75ml; $3.999 ; $2.990 ;;Farmacia / Perfumería
60000000119954;SALCOBRAND;Salcobrand;5980037;Sensodyne Rápido Alivio Blanqueador 100g; $8.999 ; $5.849 ;;Farmacia / Perfumería
60000000130001;SALCOBRAND;Salcobrand;5980290;Sensodyne Repara y Protege 100g; $8.999 ; $5.849 ;;Farmacia / Perfumería
670003;SALCOBRAND;Salcobrand;5981745;Sensodyne Blanqueador Extra Fresh 90g; $6.999 ; $4.549 ;;Farmacia / Perfumería
60000000104527;SALCOBRAND;Salcobrand;5987072;Sensodyne Repara y Protege Blanqueador 100g; $8.999 ; $5.849 ;;Farmacia / Perfumería
60000000124612;SALCOBRAND;Salcobrand;5987116;Crema Dental Little Teeth ; $3.999 ; $2.990 ;;Farmacia / Perfumería
60000000026151;SALCOBRAND;Salcobrand;5987133;Cepillo Dental Little Teeth Suave 1 Unidad; $4.299 ; $2.990 ;;Farmacia / Perfumería
60000000022419;SALCOBRAND;Salcobrand;5987134;Cepillo Dental Aquafresh Big Teeth Suave 1 Unidad; $4.199 ; $2.981 ;;Farmacia / Perfumería
60000000026151;CENCOSUD;Santa Isabel;1580884;Cepillo de Dientes Aquafresh Little Teeth; $4.050 ; $3.000 ;;Supermercado
60000000106510;CENCOSUD;Santa Isabel;1733587;Pasta Dental Aquafresh Big Teeth 94 g; $3.390 ; $2.690 ;;Supermercado
60000000124612;CENCOSUD;Santa Isabel;1580883;Pasta Dental Aquafresh Little Teeth 63 g; $3.390 ; $2.690 ;;Supermercado
700661129;CENCOSUD;Santa Isabel;911631;Desodorante Crema Etiquet Men Full Protect Antitranspirante 60 g; $5.290 ;;;Supermercado
700661143;CENCOSUD;Santa Isabel;274176;Desodorante Crema Etiquet Women Antitranspirante 60 g; $5.290 ;;;Supermercado
60000000041127;CENCOSUD;Santa Isabel;1580888;Desodorante Roll On Etiquet Pack Clásico 60 g 2 un.; $6.090 ;;;Supermercado
60000000104527;CENCOSUD;Santa Isabel;1467236;Pasta Dental Sensodyne R&P Whitening 100 g; $7.790 ;;;Supermercado
670003;CENCOSUD;Santa Isabel;996166;Pasta Dental Sensodyne 90 g; $5.690 ;;;Supermercado
670023;CENCOSUD;Santa Isabel;1672590;Pasta Dental Sensodyne Extra Fresh 90 g; $5.590 ;;;Supermercado
60000000014126;CENCOSUD;Santa Isabel;531319;Cepillo de Dientes Aquafresh Flex Cuello Flexible Suave 2 un.; $2.890 ;;;Supermercado
60000000022419;CENCOSUD;Santa Isabel;1580886;Cepillo de Dientes Aquafresh Big Teeth; $4.050 ; $3.000 ;;Supermercado
60000000122882;CENCOSUD;Santa Isabel;1845141;Pasta Dental Aquafresh Menta 95 g 2 un.; $2.350 ;;;Supermercado
60000000123608;CENCOSUD;Santa Isabel;1845140;Pasta Dental Aquafresh Menta 158 g 2 un.; $4.650 ;;;Supermercado
60000000130726;CENCOSUD;Santa Isabel;1878045;Pasta Dental Aquafresh Menta 378 g 3 un.; $4.690 ;;;Supermercado
60000000107493;CENCOSUD;Santa Isabel;1903987;Desodorante Roll On Etiquet Floral 60 g 2 un.; $6.090 ;;;Supermercado
60000000124464;CENCOSUD;Santa Isabel;1865653;Pasta Dental Aquafresh Intense White 96 g 2 un.; $2.350 ;;;Supermercado
60000000135996;CENCOSUD;Santa Isabel;1948541;Pasta Dental Sensodyne Comp Prot White 90 g; $6.190 ;;;Supermercado
60000000208753;CENCOSUD;Santa Isabel;1999376;Tripack Pasta Dental Aquafresh White & Shine 96 g; $3.390 ;;;Supermercado
60000000202377;CENCOSUD;Santa Isabel;2006539;Pasta Dental Aquafresh White & Shine 96.75 g; $1.050 ; $1.000 ;;Supermercado
60000000211972;CENCOSUD;Santa Isabel;2052693;Pasta Dental Aquafresh Sabor Menta 95 g 3 un.; $3.490 ;;;Supermercado
60000000211910;CENCOSUD;Santa Isabel;2052692;Pasta Dental Aquafresh Sabor Menta 95 g; $1.090 ;;;Supermercado
60000000026151;TOTTUS;Tottus;20265824;Cepillo Dental Little Teeth Aquafresh Suave (3-5 Años) 1 Un; $3.990 ; $2.990 ;;Supermercado
60000000106510;TOTTUS;Tottus;20377311;Crema Dental Aquafresh Big Teeth (6-8 Años) 94 g; $3.390 ; $1.990 ;;Supermercado
60000000111809;TOTTUS;Tottus;20388449;Pack Cremas Dentales Aquafresh Advanced 2 x 158 g; $5.450 ; $4.790 ;;Supermercado
60000000123608;TOTTUS;Tottus;20289296;Pack Cremas Dentales Aquafresh Sabor Menta 2 x 158 g; $4.490 ; $4.490 ;;Supermercado
60000000124612;TOTTUS;Tottus;20264047;Crema Dental Aquafresh Little Teeth 63 g; $3.390 ; $1.990 ;;Supermercado
700661129;TOTTUS;Tottus;20058110;Desodorante Crema Full Protección Hombre 60g; $5.090 ; $5.090 ;;Supermercado
60000000107493;TOTTUS;Tottus;20333488;Pack Desodorante Roll On Etiquet Mujer Floral 2 x 60 g; $5.950 ; $5.950 ;;Supermercado
700661221;TOTTUS;Tottus;20173439;Desodorante Roll On Etiquet Mujer Clásico 60 g; $3.590 ; $3.590 ;;Supermercado
60000000104527;TOTTUS;Tottus;20219964;Pasta de Dientes Repara &amp; $7.650 ; $5.990 ;;Supermercado
60000000129041;TOTTUS;Tottus;20280339;Pasta de Dientes Rápido Alivio Sensodyne 100 g; $7.550 ; $7.550 ;;Supermercado
60000000130001;TOTTUS;Tottus;20188754;Pasta de Dientes Repara &amp; $7.090 ; $5.990 ;;Supermercado
670003;TOTTUS;Tottus;20100283;Pasta de Dientes Blanqueador Extra Fresh Sensodyne 90 g; $5.390 ; $5.390 ;;Supermercado
670023;TOTTUS;Tottus;20351896;Pasta de Dientes Extra Fresh Sensodyne 90 g; $5.390 ; $5.390 ;;Supermercado
676628;TOTTUS;Tottus;20388448;Pasta de Dientes Limpieza Profunda Sensodyne 90 g; $6.650 ; $6.650 ;;Supermercado
60000000107724;TOTTUS;Tottus;20280338;Cepillo de Dientes Sensodyne Suave Multi Protección Un; $2.050 ; $2.050 ;;Supermercado
700661133;TOTTUS;Tottus;20164145;Desodorante Antitranspirante Roll On Etiquet Mujer Floral 60 g; $3.590 ; $1.990 ;;Supermercado
60000000014126;TOTTUS;Tottus;20007962;Pack Cepillos Dentales Flex Aquafresh Suave 2 Un; $2.790 ; $2.790 ;;Supermercado
60000000123975;TOTTUS;Tottus;20460732;Crema Dental Aquafresh Active White 160 g; $4.490 ; $4.490 ;;Supermercado
60000000041127;TOTTUS;Tottus;20273117;Pack Desodorante Roll On Etiquet Mujer Clásico 2 x 60 g; $6.150 ; $6.150 ;;Supermercado
60000000122896;TOTTUS;Tottus;20495820;PASTA SABOR MENTA 126G AQUAFRESH UND; $2.190 ; $2.190 ;;Supermercado
60000000130726;TOTTUS;Tottus;20547253;Pasta de Dientes sabor menta pack x3; $4.790 ; $3.790 ;;Supermercado
60000000122882;TOTTUS;Tottus;21044525;Pack Cremas Dentales Aquafresh Sabor Menta 2 x 95 g; $2.490 ; $2.390 ;;Supermercado
60000000129474;TOTTUS;Tottus;21044528;Cepillo de Dientes Sensodyne 3 Un; $7.990 ; $7.990 ;;Supermercado
60000000135996;TOTTUS;Tottus;21259139;Pasta de Dientes Protección Completa Sensodyne 90 g; $5.990 ; $3.790 ;;Supermercado
60000000022419;TOTTUS;Tottus;20264048;Cepillo Dental Big Teeth Aquafresh Suave (6-8 Años) 1 Un; $3.990 ; $2.990 ;;Supermercado
60000000109051;TOTTUS;Tottus;20361259;Pack Cepillos de Dientes Sensodyne Sensitive Care 2 Un; $6.390 ; $6.390 ;;Supermercado
60000000109056;TOTTUS;Tottus;21266201;Pack Cepillos Dentales Sensodyne Complete Protection Suave 2 Un; $6.750 ; $6.750 ;;Supermercado
60000000129476;TOTTUS;Tottus;21266202;Pack Cepillos Dentales Sensodyne Complete Protection Suave 3 Un; $8.050 ; $8.050 ;;Supermercado
60000000041126;TOTTUS;Tottus;20320713;Pack Desodorante Roll On Etiquet Hombre Original 2 x 60 g; $6.150 ; $6.150 ;;Supermercado
60000000109125;TOTTUS;Tottus;21288601;Pasta de Dientes Pro-Esmalte para Niños Sensodyne 129 g; $3.850 ; $3.850 ;;Supermercado
60000000200796;TOTTUS;Tottus;21288603;Pasta de Dientes Sensibilidad &amp; $7.150 ;;;Supermercado
60000000124464;TOTTUS;Tottus;21298824;Pack Cremas Dentales Aquafresh Intense White 2 x 96 g; $3.750 ; $3.750 ;;Supermercado
60000000136282;TOTTUS;Tottus;21309342;Multivitamínico Infantil Centrum Un; $14.990 ; $14.990 ;;Supermercado
60000000132799;TOTTUS;Tottus;21309340;Multivitamínico Hombre Centrum Un; $17.490 ; $17.490 ;;Supermercado
60000000132797;TOTTUS;Tottus;21309341;Multivitamínico Mujer Centrum Un; $17.490 ; $17.490 ;;Supermercado
60000000202377;TOTTUS;Tottus;21320560;Crema Denta Aquafresh White&amp; $1.000 ;;;Supermercado
700362044;TOTTUS;Tottus;20306835;Adhesivo Prótesis Dental Corega Sin Sabor 70 g; $18.590 ; $14.890 ;;Supermercado
60000000127633;TOTTUS;Tottus;21320630;Tableta Limpiadora Corega Pro Ortodoncia 30 Unidades; $7.790 ; $4.990 ;;Supermercado
60000000208753;TOTTUS;Tottus;80000834;Pack Pasta de Dientes Aquafresh White Shine Blanqueadora 3 x 96.7 g; $3.490 ; $3.490 ;;Supermercado
700661261;TOTTUS;Tottus;80004701;Desodorante Antitranspirante Roll On Etiquet Hombre Blue Ice 60 g; $2.000 ; $1.990 ;;Supermercado
676627;TOTTUS;Tottus;20078367;Pasta de Dientes Multi Protección Sensodyne 90 g; $3.879 ; $2.990 ;;Supermercado
60000000200825;TOTTUS;Tottus;80004728;Cepillo de Dientes Aquafresh Regular Medio UN; $1.110 ; $1.000 ;;Supermercado
60000000211972;TOTTUS;Tottus;80006591;Pack Pasta de Dientes Aquafresh Triple Protección Sabor Menta 3 x 95 g; $3.490 ; $3.490 ;;Supermercado
60000000211910;TOTTUS;Tottus;80006567;Pasta de Dientes Aquafresh Triple Protección Sabor Menta 95 g; $1.090 ; $1.000 ;;Supermercado
60000000026151;SMU;Unimarc;980964;Cepillo dental Aquafresh little teeth suave 1 un; $4.550 ; $4.000 ;;Supermercado
60000000014126;SMU;Unimarc;324538;Pack Cepillo dental Aquafresh flex suave 2 un; $3.150 ; $2.000 ;;Supermercado
60000000117120;SMU;Unimarc;642466;Pasta dental Aquafresh advance 158 g; $3.590 ; $3.000 ;;Supermercado
60000000119464;SMU;Unimarc;606542;Pasta dental Aquafresh soft mint 2 un de 95 g; $2.640 ; $2.250 ;;Supermercado
60000000130726;SMU;Unimarc;650823;Pack pasta dental Aquafresh triple protección sabor menta 3 un de 126 g; $5.190 ; $4.000 ;;Supermercado
60000000111697;SMU;Unimarc;650012;Pack pasta dental Aquafresh active white 2 un de 160 g; $6.850 ;;;Supermercado
60000000119346;SMU;Unimarc;642467;Pack pasta dental Aquafresh advance 2 un de 158 g; $5.190 ;;;Supermercado
60000000123608;SMU;Unimarc;585347;Pack Pasta Dental Aquafresh soft mint 2 un de 158 g; $4.850 ;;;Supermercado
700661143;SMU;Unimarc;14401;Desodorante Etiquet women clásico crema 60 g; $5.690 ; $4.750 ;;Supermercado
700661129;SMU;Unimarc;187016;Desodorante Etiquet men full protect crema 60 g; $5.690 ; $4.750 ;;Supermercado
700661221;SMU;Unimarc;614639;Desodorante roll on Etiquet clásico 60 g; $3.990 ;;;Supermercado
60000000107493;SMU;Unimarc;619006001;Pack Desodorante Etiquet floral roll on 2 un de 60 g; $6.850 ;;;Supermercado
60000000109051;SMU;Unimarc;639733;Cepillo dental Sensodyne sensitive care 2 un; $7.150 ;;;Supermercado
676628;SMU;Unimarc;638408;Pasta dental Sensodyne limpieza profunda 90 g; $6.590 ;;;Supermercado
670023;SMU;Unimarc;638407;Pasta dental Sensodyne extra fresh 90 g; $5.950 ; $4.000 ;;Supermercado
670003;SMU;Unimarc;340334;Pasta dental Sensodyne whitening extra fresh 90 g; $5.990 ; $4.150 ;;Supermercado
60000000104527;SMU;Unimarc;809328;Pasta dental Sensodyne repara y protege blanqueador 100 g; $7.890 ; $6.000 ;;Supermercado
60000000129041;SMU;Unimarc;563798;Pasta dental Sensodyne rapido alivio 100 g; $7.850 ;;;Supermercado
60000000130001;SMU;Unimarc;673856;Pasta dental Sensodyne repara y protege 100 g; $8.490 ;;;Supermercado
;Walmart;Lider;779464017132;Cepillo de Dientes Niños Baby Teeth 0-2 años Suave, 1 Un; $3.990 ; $2.890 ;;Supermercado
;Walmart;Lider;779464017134;Cepillo de Dientes Niños Big Teeth 6-8 años Suave, 1 Un; $3.990 ; $2.890 ;;Supermercado
;Walmart;Lider;779464017133;Cepillo de Dientes Niños Little Teeth 2-5 años Suave, 1 Un; $3.990 ; $2.890 ;;Supermercado
;Walmart;Lider;789601551617;Cepillo de Dientes Flex 2x1 Suave, 1 Un; $2.750 ; $1.990 ;;Supermercado
;Walmart;Lider;780490000063;Cepillo Suave Clean & Flex Pack, 3 Un; $3.390 ;;;Supermercado
;Walmart;Lider;780490000066;Pasta Dental Niños Big Teeth 6-8 años, 94 g; $3.390 ; $1.990 ;;Supermercado
;Walmart;Lider;505456304143;Pasta Dental Niños Advance Kids 9-12 años, 94 g; $3.390 ; $1.990 ;;Supermercado
;Walmart;Lider;780490000098;Pasta Dental White & Shine Pack 3 Un, g g; $3.890 ;;;Supermercado
;Walmart;Lider;780490000053;Pasta Dental Triple Protection Sabor Menta, 126 g; $1.290 ; $1.000 ;;Supermercado
;Walmart;Lider;780490000061;Pack Pasta Dental Niños Advance Kids 9-12 años, 2 Un de 94g c/u; $5.350 ;;;Supermercado
;Walmart;Lider;780490000055;Pasta dental triple protección Pack 2x 95g, 190 g; $2.390 ; $2.000 ;;Supermercado
;Walmart;Lider;780490000033;Pack Crema Dental Extra Fresh Mint 3x126g, 1 Un; $4.690 ;;;Supermercado
;Walmart;Lider;780490092046;Pack Crema Dental Extra Clean Whitening 2x158g, 1 Un; $7.490 ; $5.690 ;;Supermercado
;Walmart;Lider;780490000062;Pack Crema Dental Advanced Cavity 2x158g, 1 Un; $4.690 ;;;Supermercado
;Walmart;Lider;780490000056;Crema Dental Intense White CR, 129 g; $2.690 ;;;Supermercado
;Walmart;Lider;780490000059;Pack Crema Dental Intense White, 2 Un de 96g c/u; $2.350 ; $2.090 ;;Supermercado
;Walmart;Lider;779464017175;Crema Adhesiva para Prótesis Dentales Ultra, 70 g; $18.490 ;;;Supermercado
;Walmart;Lider;779464017273;Crema Adhesiva para Prótesis Dentales Máxima Fijación & Sellado, 70 g; $17.790 ;;;Supermercado
;Walmart;Lider;779464017324;Crema Adhesiva para Prótesis Dentales Máxima Fijación & Frescura, 70 g; $18.490 ;;;Supermercado
;Walmart;Lider;780490063245;Desodorante Crema Women Clásico, 60 g; $4.990 ; $3.550 ;;Supermercado
;Walmart;Lider;780490066753;Desodorante Crema Men Full Protect 60g, 60 g; $4.990 ; $3.550 ;;Supermercado
;Walmart;Lider;780490063239;Desodorante Crema Women Clásico 100g, 100 g; $7.190 ; $5.850 ;;Supermercado
;Walmart;Lider;779464017262;Desodorante Roll On Delicious, 60 g; $3.690 ; $2.000 ;;Supermercado
;Walmart;Lider;779464063050;Desodorante Roll On Men Sport, 60 g; $3.590 ; $2.000 ;;Supermercado
;Walmart;Lider;779464017261;Desodorante Roll On&nbsp; $3.490 ; $2.000 ;;Supermercado
;Walmart;Lider;780490061095;Desodorante Roll On&nbsp; $3.490 ; $2.000 ;;Supermercado
;Walmart;Lider;780490000004;Pack2 Desodorante Roll On Clasico, 120 g; $5.990 ; $3.990 ;;Supermercado
;Walmart;Lider;780490000003;Pack2 Desodorante Roll On Men, 120 g; $5.890 ; $3.990 ;;Supermercado
;Walmart;Lider;779464017158;Cepillo de Dientes Multiprotección, 1 Un; $2.000 ;;;Supermercado
;Walmart;Lider;779464017250;Cepillo de Dientes Limpieza Profunda Suave, 1 Un; $5.790 ;;;Supermercado
;Walmart;Lider;779464017237;Cepillo de Dientes Complete Protection Suave Pack, 2 Un; $6.590 ; $5.190 ;;Supermercado
;Walmart;Lider;779464017242;Cepillo de Dientes Sensitive Care Pack, 1 Un; $6.290 ; $4.690 ;;Supermercado
;Walmart;Lider;780490000038;Cepillo de Dientes Repara & Protege Suave, 3 Un; $7.890 ;;;Supermercado
;Walmart;Lider;780490000040;Cepillo de Dientes Complete Protection Suave, 3 Un; $7.990 ;;;Supermercado
;Walmart;Lider;780490000092;Cepillo Esmalte, 1 Un; $4.990 ;;;Supermercado
;Walmart;Lider;789601552773;Crema Dental Extra Fresh, 90 g; $5.290 ;;;Supermercado
;Walmart;Lider;789600941929;Pasta Dental Multi Protección, 90 g; $3.000 ;;;Supermercado
;Walmart;Lider;789601552004;Crema Dental Whitening Extra Fresh, 90 g; $5.290 ;;;Supermercado
;Walmart;Lider;750106506458;Pasta de Dientes Sensodyne Sensibilidad & Encías Blanqueadora, 100 g; $7.490 ; $5.990 ;;Supermercado
;Walmart;Lider;779464017072;Blanqueador Dental  Repara & Protege Whitening, 100 g; $6.890 ; $5.990 ;;Supermercado
;Walmart;Lider;779464017247;Crema Dental Rápido Alivio Blanqueador, 100 g; $7.490 ; $5.690 ;;Supermercado
;Walmart;Lider;779464017155;Crema Dental Rápido Alivio, 100 g; $6.890 ; $5.990 ;;Supermercado
;Walmart;Lider;779464017013;Crema Dental Repara & Protege, 100 g; $7.490 ; $5.990 ;;Supermercado
;Walmart;Lider;780490000090;Pasta Dental Repara y Protege Blanqueadora, 200 g; $12.290 ; $9.950 ;;Supermercado
;Walmart;Lider;789600949809;Pasta Dental Complete Protection  + Whitening 90 g, 90 g; $5.890 ;;;Supermercado
;Walmart;Lider;789600949858;Pasta Dental Sensibilidad y Esmalte Blanqueador, 100 g; $6.990 ; $4.000 ;;Supermercado
;Walmart;Lider;789600949879;Pasta Dental Protección Completa + antisarro, g L; $4.490 ;;;Supermercado
